<?xml version="1.0" encoding="UTF-8"?>
<Configuration status="WARN">
    <Appenders>
        <Console name="Console" target="SYSTEM_OUT">
            <PatternLayout pattern="%d [%-5p][%-6.6t] %-20.20c{1}: %m%n"/>
        </Console>
    </Appenders>
    <Loggers>
        <Root level="info">
            <AppenderRef ref="Console"/>
        </Root>
        <logger name="org.springframework.aop.framework" level="warn" additivity="false">
            <appender-ref ref="Console"/>
        </logger>
    </Loggers>
</Configuration>
